-- Complete Seed Data for carmelo-app
-- Feature: 001-crie-um-app
-- Description: Test users, GCs, members, and lessons for development and testing
--
-- IMPORTANTE: Execute este seed com `supabase db reset`, depois execute:
-- cd web && npx tsx scripts/seed-auth-users.ts

-- Create people (base entity for personal data)
INSERT INTO people (id, name, email, phone, birth_date) VALUES
  -- Users
  ('11111111-0000-0000-0000-000000000001', 'João Líder', 'lider1@test.com', '11999999101', NULL),
  ('11111111-0000-0000-0000-000000000002', 'Ana Co-Líder', 'lider2@test.com', '11999999102', NULL),
  ('11111111-0000-0000-0000-000000000003', 'Maria Supervisora', 'supervisor1@test.com', '11999999103', NULL),
  ('11111111-0000-0000-0000-000000000004', 'Carlos Supervisor', 'supervisor2@test.com', '11999999104', NULL),
  ('11111111-0000-0000-0000-000000000005', 'Pedro Coordenador', 'coordenador1@test.com', '11999999105', NULL),
  ('11111111-0000-0000-0000-000000000006', 'Admin Sistema', 'admin@test.com', '11999999106', NULL),

  -- Members
  ('11111111-0000-0000-0000-000000000011', 'Ana Silva', 'ana@test.com', '11999999111', NULL),
  ('11111111-0000-0000-0000-000000000012', 'Carlos Santos', 'carlos@test.com', '11999999112', NULL),
  ('11111111-0000-0000-0000-000000000013', 'Beatriz Lima', 'beatriz@test.com', '11999999113', NULL),
  ('11111111-0000-0000-0000-000000000014', 'Daniel Costa', 'daniel@test.com', '11999999114', NULL),
  ('11111111-0000-0000-0000-000000000015', 'Elaine Rocha', 'elaine@test.com', '11999999115', NULL),
  ('11111111-0000-0000-0000-000000000016', 'Fernando Alves', 'fernando@test.com', '11999999116', NULL),
  ('11111111-0000-0000-0000-000000000017', 'Gabriela Mendes', 'gabriela@test.com', '11999999117', NULL),
  ('11111111-0000-0000-0000-000000000018', 'Hugo Ferreira', 'hugo@test.com', '11999999118', NULL),

  -- Visitors
  ('11111111-0000-0000-0000-000000000021', 'João Visitante', 'joao.v@test.com', '11999999001', NULL),
  ('11111111-0000-0000-0000-000000000022', 'Maria Visitante', 'maria.v@test.com', '11999999002', NULL);

-- Create test GCs
INSERT INTO growth_groups (id, name, mode, address, weekday, time, status) VALUES
  ('40000000-0000-0000-0000-000000000001', 'GC Esperança', 'in_person', 'Rua Teste 123', 3, '19:30', 'active'),
  ('40000000-0000-0000-0000-000000000002', 'GC Fé', 'online', NULL, NULL, NULL, 'active'),
  ('40000000-0000-0000-0000-000000000003', 'GC Amor', 'in_person', 'Av. Principal 456', 5, '20:00', 'active');

-- Create lesson series
INSERT INTO lesson_series (id, name, description, created_by_user_id) VALUES
  ('60000000-0000-0000-0000-000000000001', 'Fundamentos da Fé', 'Série básica de lições para novos convertidos', '90000000-0000-0000-0000-000000000001'),
  ('60000000-0000-0000-0000-000000000002', 'Vida Cristã Prática', 'Lições sobre o dia a dia da vida cristã', '90000000-0000-0000-0000-000000000001');

-- Create individual lessons
INSERT INTO lessons (id, title, description, series_id, created_by_user_id) VALUES
  ('70000000-0000-0000-0000-000000000001', 'Salvação em Cristo', 'Estudo sobre o plano da salvação...', '60000000-0000-0000-0000-000000000001', '90000000-0000-0000-0000-000000000001'),
  ('70000000-0000-0000-0000-000000000002', 'Oração e Comunhão', 'Como desenvolver uma vida de oração...', '60000000-0000-0000-0000-000000000001', '90000000-0000-0000-0000-000000000001'),
  ('70000000-0000-0000-0000-000000000003', 'Fruto do Espírito', 'Estudo sobre Gálatas 5:22-23...', '60000000-0000-0000-0000-000000000002', '90000000-0000-0000-0000-000000000001');

-- Create visitors
INSERT INTO visitors (id, person_id, gc_id, status, created_at) VALUES
  ('80000000-0000-0000-0000-000000000001', '11111111-0000-0000-0000-000000000021', '40000000-0000-0000-0000-000000000001', 'active', NOW() - INTERVAL '30 days'),
  ('80000000-0000-0000-0000-000000000002', '11111111-0000-0000-0000-000000000022', '40000000-0000-0000-0000-000000000002', 'active', NOW() - INTERVAL '20 days');

-- Create meetings
INSERT INTO meetings (id, gc_id, lesson_template_id, lesson_title, datetime, registered_by_user_id) VALUES
  ('90000000-0000-0000-0000-000000000101', '40000000-0000-0000-0000-000000000001', '70000000-0000-0000-0000-000000000001', 'Salvação em Cristo', NOW() - INTERVAL '7 days', '10000000-0000-0000-0000-000000000001'),
  ('90000000-0000-0000-0000-000000000102', '40000000-0000-0000-0000-000000000001', '70000000-0000-0000-0000-000000000002', 'Oração e Comunhão', NOW() - INTERVAL '14 days', '10000000-0000-0000-0000-000000000001'),
  ('90000000-0000-0000-0000-000000000103', '40000000-0000-0000-0000-000000000002', '70000000-0000-0000-0000-000000000001', 'Salvação em Cristo', NOW() - INTERVAL '10 days', '10000000-0000-0000-0000-000000000001');

-- Create growth group participants (relacionamentos)
-- NOTA: Estes inserts só funcionarão após executar o script de auth users
-- porque precisam dos user_ids válidos da tabela users

-- Assign roles (leaders, supervisors, members) via growth_group_participants
INSERT INTO growth_group_participants (id, gc_id, person_id, role, status, joined_at, added_by_user_id) VALUES
  -- Leaders & co-leaders
  ('50000000-0000-0000-0000-000000000101', '40000000-0000-0000-0000-000000000001', '11111111-0000-0000-0000-000000000001', 'leader', 'active', NOW() - INTERVAL '120 days', '90000000-0000-0000-0000-000000000001'),
  ('50000000-0000-0000-0000-000000000102', '40000000-0000-0000-0000-000000000001', '11111111-0000-0000-0000-000000000002', 'co_leader', 'active', NOW() - INTERVAL '90 days', '90000000-0000-0000-0000-000000000001'),
  ('50000000-0000-0000-0000-000000000103', '40000000-0000-0000-0000-000000000002', '11111111-0000-0000-0000-000000000001', 'leader', 'active', NOW() - INTERVAL '80 days', '90000000-0000-0000-0000-000000000001'),
  ('50000000-0000-0000-0000-000000000104', '40000000-0000-0000-0000-000000000003', '11111111-0000-0000-0000-000000000002', 'leader', 'active', NOW() - INTERVAL '60 days', '90000000-0000-0000-0000-000000000001'),

  -- Supervisors
  ('50000000-0000-0000-0000-000000000201', '40000000-0000-0000-0000-000000000001', '11111111-0000-0000-0000-000000000003', 'supervisor', 'active', NOW() - INTERVAL '150 days', '90000000-0000-0000-0000-000000000001'),
  ('50000000-0000-0000-0000-000000000202', '40000000-0000-0000-0000-000000000001', '11111111-0000-0000-0000-000000000004', 'supervisor', 'active', NOW() - INTERVAL '140 days', '90000000-0000-0000-0000-000000000001'),
  ('50000000-0000-0000-0000-000000000203', '40000000-0000-0000-0000-000000000002', '11111111-0000-0000-0000-000000000003', 'supervisor', 'active', NOW() - INTERVAL '130 days', '90000000-0000-0000-0000-000000000001'),
  ('50000000-0000-0000-0000-000000000204', '40000000-0000-0000-0000-000000000003', '11111111-0000-0000-0000-000000000004', 'supervisor', 'active', NOW() - INTERVAL '120 days', '90000000-0000-0000-0000-000000000001'),
  ('50000000-0000-0000-0000-000000000205', '40000000-0000-0000-0000-000000000001', '11111111-0000-0000-0000-000000000005', 'supervisor', 'active', NOW() - INTERVAL '110 days', '90000000-0000-0000-0000-000000000001'),
  ('50000000-0000-0000-0000-000000000206', '40000000-0000-0000-0000-000000000002', '11111111-0000-0000-0000-000000000005', 'supervisor', 'active', NOW() - INTERVAL '100 days', '90000000-0000-0000-0000-000000000001'),

  -- Members GC Esperança
  ('50000000-0000-0000-0000-000000000301', '40000000-0000-0000-0000-000000000001', '11111111-0000-0000-0000-000000000011', 'member', 'active', NOW() - INTERVAL '45 days', '10000000-0000-0000-0000-000000000001'),
  ('50000000-0000-0000-0000-000000000302', '40000000-0000-0000-0000-000000000001', '11111111-0000-0000-0000-000000000012', 'member', 'active', NOW() - INTERVAL '40 days', '10000000-0000-0000-0000-000000000001'),
  ('50000000-0000-0000-0000-000000000303', '40000000-0000-0000-0000-000000000001', '11111111-0000-0000-0000-000000000013', 'member', 'active', NOW() - INTERVAL '35 days', '10000000-0000-0000-0000-000000000001'),
  ('50000000-0000-0000-0000-000000000304', '40000000-0000-0000-0000-000000000001', '11111111-0000-0000-0000-000000000014', 'member', 'active', NOW() - INTERVAL '32 days', '10000000-0000-0000-0000-000000000001'),
  ('50000000-0000-0000-0000-000000000305', '40000000-0000-0000-0000-000000000001', '11111111-0000-0000-0000-000000000015', 'member', 'active', NOW() - INTERVAL '30 days', '10000000-0000-0000-0000-000000000001'),
  ('50000000-0000-0000-0000-000000000306', '40000000-0000-0000-0000-000000000001', '11111111-0000-0000-0000-000000000016', 'member', 'active', NOW() - INTERVAL '28 days', '10000000-0000-0000-0000-000000000001'),

  -- Members GC Fé
  ('50000000-0000-0000-0000-000000000401', '40000000-0000-0000-0000-000000000002', '11111111-0000-0000-0000-000000000017', 'member', 'active', NOW() - INTERVAL '25 days', '10000000-0000-0000-0000-000000000001'),
  ('50000000-0000-0000-0000-000000000402', '40000000-0000-0000-0000-000000000002', '11111111-0000-0000-0000-000000000018', 'member', 'active', NOW() - INTERVAL '20 days', '10000000-0000-0000-0000-000000000001'),

  -- Members GC Amor
  ('50000000-0000-0000-0000-000000000501', '40000000-0000-0000-0000-000000000003', '11111111-0000-0000-0000-000000000012', 'member', 'active', NOW() - INTERVAL '15 days', '20000000-0000-0000-0000-000000000001'),
  ('50000000-0000-0000-0000-000000000502', '40000000-0000-0000-0000-000000000003', '11111111-0000-0000-0000-000000000013', 'member', 'active', NOW() - INTERVAL '10 days', '20000000-0000-0000-0000-000000000001');

-- Create meeting attendances
INSERT INTO meeting_member_attendance (id, meeting_id, participant_id, status, attended_at) VALUES
  ('10000000-0000-0000-0000-000000000001', '90000000-0000-0000-0000-000000000101', '50000000-0000-0000-0000-000000000101', 'present', NOW() - INTERVAL '7 days'),
  ('10000000-0000-0000-0000-000000000002', '90000000-0000-0000-0000-000000000101', '50000000-0000-0000-0000-000000000301', 'present', NOW() - INTERVAL '7 days'),
  ('10000000-0000-0000-0000-000000000003', '90000000-0000-0000-0000-000000000101', '50000000-0000-0000-0000-000000000302', 'absent', NOW() - INTERVAL '7 days'),
  ('10000000-0000-0000-0000-000000000004', '90000000-0000-0000-0000-000000000102', '50000000-0000-0000-0000-000000000101', 'present', NOW() - INTERVAL '14 days'),
  ('10000000-0000-0000-0000-000000000005', '90000000-0000-0000-0000-000000000102', '50000000-0000-0000-0000-000000000301', 'present', NOW() - INTERVAL '14 days'),
  ('10000000-0000-0000-0000-000000000006', '90000000-0000-0000-0000-000000000102', '50000000-0000-0000-0000-000000000303', 'present', NOW() - INTERVAL '14 days');

-- Summary:
-- Este seed cria o conjunto completo de dados para teste funcional:
-- 1. Pessoas (membros, visitantes, líderes)
-- 2. Grupos de Crescimento (GCs)
-- 3. Lições e Séries
-- 4. Reuniões e Frequências
-- 5. Relacionamentos completos (growth_group_participants)
--
-- IMPORTANTE: Após executar `supabase db reset`, execute:
-- cd web && npx tsx scripts/seed-auth-users.ts
-- Isso criará os usuários no auth.users e as entradas correspondentes na tabela users