-- Seed Data for carmelo-app
-- Feature: 001-crie-um-app
-- Description: Test users, GCs, members, and lessons for development and testing

-- Create people (base entity for personal data)
INSERT INTO people (id, name, email, phone, birth_date) VALUES
  -- Users
  ('11111111-0000-0000-0000-000000000001', 'João Líder', 'lider1@test.com', '11999999101', NULL),
  ('11111111-0000-0000-0000-000000000002', 'Ana Co-Líder', 'lider2@test.com', '11999999102', NULL),
  ('11111111-0000-0000-0000-000000000003', 'Maria Supervisora', 'supervisor1@test.com', '11999999103', NULL),
  ('11111111-0000-0000-0000-000000000004', 'Carlos Supervisor', 'supervisor2@test.com', '11999999104', NULL),
  ('11111111-0000-0000-0000-000000000005', 'Pedro Coordenador', 'coordenador1@test.com', '11999999105', NULL),
  ('11111111-0000-0000-0000-000000000006', 'Admin Sistema', 'admin@test.com', '11999999106', NULL),

  -- Members
  ('11111111-0000-0000-0000-000000000011', 'Ana Silva', 'ana@test.com', '11999999111', NULL),
  ('11111111-0000-0000-0000-000000000012', 'Carlos Santos', 'carlos@test.com', '11999999112', NULL),
  ('11111111-0000-0000-0000-000000000013', 'Beatriz Lima', 'beatriz@test.com', '11999999113', NULL),
  ('11111111-0000-0000-0000-000000000014', 'Daniel Costa', 'daniel@test.com', '11999999114', NULL),
  ('11111111-0000-0000-0000-000000000015', 'Elaine Rocha', 'elaine@test.com', '11999999115', NULL),
  ('11111111-0000-0000-0000-000000000016', 'Fernando Alves', 'fernando@test.com', '11999999116', NULL),
  ('11111111-0000-0000-0000-000000000017', 'Gabriela Mendes', 'gabriela@test.com', '11999999117', NULL),
  ('11111111-0000-0000-0000-000000000018', 'Hugo Ferreira', 'hugo@test.com', '11999999118', NULL),

  -- Visitors
  ('11111111-0000-0000-0000-000000000021', 'João Visitante', 'joao.v@test.com', '11999999001', NULL),
  ('11111111-0000-0000-0000-000000000022', 'Maria Visitante', 'maria.v@test.com', '11999999002', NULL);

-- Create test users with valid UUIDs
INSERT INTO users (id, person_id, hierarchy_depth, is_admin) VALUES
  ('10000000-0000-0000-0000-000000000001', '11111111-0000-0000-0000-000000000001', 1, FALSE),
  ('10000000-0000-0000-0000-000000000002', '11111111-0000-0000-0000-000000000002', 1, FALSE),
  ('20000000-0000-0000-0000-000000000001', '11111111-0000-0000-0000-000000000003', 2, FALSE),
  ('20000000-0000-0000-0000-000000000002', '11111111-0000-0000-0000-000000000004', 2, FALSE),
  ('30000000-0000-0000-0000-000000000001', '11111111-0000-0000-0000-000000000005', 3, FALSE),
  ('90000000-0000-0000-0000-000000000001', '11111111-0000-0000-0000-000000000006', 0, TRUE);

-- Define hierarchy (hierarchy_path will be auto-generated by trigger)
UPDATE users SET hierarchy_parent_id = '20000000-0000-0000-0000-000000000001' WHERE id = '10000000-0000-0000-0000-000000000001';
UPDATE users SET hierarchy_parent_id = '20000000-0000-0000-0000-000000000001' WHERE id = '10000000-0000-0000-0000-000000000002';
UPDATE users SET hierarchy_parent_id = '30000000-0000-0000-0000-000000000001' WHERE id = '20000000-0000-0000-0000-000000000001';
UPDATE users SET hierarchy_parent_id = '30000000-0000-0000-0000-000000000001' WHERE id = '20000000-0000-0000-0000-000000000002';

-- Create test GCs (NO lider_id/supervisor_id - relationships come from gc_leaders/gc_supervisors)
INSERT INTO growth_groups (id, name, mode, address, weekday, time, status) VALUES
  ('40000000-0000-0000-0000-000000000001', 'GC Esperança', 'in_person', 'Rua Teste 123', 3, '19:30', 'active'),
  ('40000000-0000-0000-0000-000000000002', 'GC Fé', 'online', NULL, NULL, NULL, 'active'),
  ('40000000-0000-0000-0000-000000000003', 'GC Amor', 'in_person', 'Av. Principal 456', 5, '20:00', 'active');

-- Assign leaders to GCs (multiple leaders allowed)
INSERT INTO gc_leaders (gc_id, user_id, role) VALUES
  ('40000000-0000-0000-0000-000000000001', '10000000-0000-0000-0000-000000000001', 'leader'),      -- João is main leader of GC Esperança
  ('40000000-0000-0000-0000-000000000001', '10000000-0000-0000-0000-000000000002', 'co_leader'),   -- Ana is co-leader of GC Esperança (e.g., couple)
  ('40000000-0000-0000-0000-000000000002', '10000000-0000-0000-0000-000000000001', 'leader'),      -- João also leads GC Fé
  ('40000000-0000-0000-0000-000000000003', '10000000-0000-0000-0000-000000000002', 'leader');      -- Ana leads GC Amor

-- Assign supervisors to GCs (multiple supervisors allowed)
INSERT INTO gc_supervisors (gc_id, user_id) VALUES
  ('40000000-0000-0000-0000-000000000001', '20000000-0000-0000-0000-000000000001'),  -- Maria supervises GC Esperança
  ('40000000-0000-0000-0000-000000000001', '20000000-0000-0000-0000-000000000002'),  -- Carlos also supervises GC Esperança (matrix structure)
  ('40000000-0000-0000-0000-000000000002', '20000000-0000-0000-0000-000000000001'),  -- Maria supervises GC Fé
  ('40000000-0000-0000-0000-000000000003', '20000000-0000-0000-0000-000000000002');  -- Carlos supervises GC Amor

-- Create test members (referencing people)
INSERT INTO members (id, person_id, gc_id, status) VALUES
  ('50000000-0000-0000-0000-000000000001', '11111111-0000-0000-0000-000000000011', '40000000-0000-0000-0000-000000000001', 'active'),
  ('50000000-0000-0000-0000-000000000002', '11111111-0000-0000-0000-000000000012', '40000000-0000-0000-0000-000000000001', 'active'),
  ('50000000-0000-0000-0000-000000000003', '11111111-0000-0000-0000-000000000013', '40000000-0000-0000-0000-000000000001', 'active'),
  ('50000000-0000-0000-0000-000000000004', '11111111-0000-0000-0000-000000000014', '40000000-0000-0000-0000-000000000001', 'active'),
  ('50000000-0000-0000-0000-000000000005', '11111111-0000-0000-0000-000000000015', '40000000-0000-0000-0000-000000000001', 'active'),
  ('50000000-0000-0000-0000-000000000006', '11111111-0000-0000-0000-000000000016', '40000000-0000-0000-0000-000000000002', 'active'),
  ('50000000-0000-0000-0000-000000000007', '11111111-0000-0000-0000-000000000017', '40000000-0000-0000-0000-000000000002', 'active'),
  ('50000000-0000-0000-0000-000000000008', '11111111-0000-0000-0000-000000000018', '40000000-0000-0000-0000-000000000003', 'active');

-- Create test lesson series
INSERT INTO lesson_series (id, name, description, created_by_user_id) VALUES
  ('60000000-0000-0000-0000-000000000001', 'Fundamentos da Fé', 'Série introdutória para novos membros', '90000000-0000-0000-0000-000000000001'),
  ('60000000-0000-0000-0000-000000000002', 'Vida em Comunidade', 'Como viver em comunhão cristã', '90000000-0000-0000-0000-000000000001');

-- Create test lessons
INSERT INTO lessons (id, title, description, series_id, order_in_series, created_by_user_id) VALUES
  ('70000000-0000-0000-0000-000000000001', 'O que é um Grupo de Crescimento?', 'Introdução ao conceito de GCs', '60000000-0000-0000-0000-000000000001', 1, '90000000-0000-0000-0000-000000000001'),
  ('70000000-0000-0000-0000-000000000002', 'A importância da Comunhão', 'Koinonia e relacionamentos', '60000000-0000-0000-0000-000000000001', 2, '90000000-0000-0000-0000-000000000001'),
  ('70000000-0000-0000-0000-000000000003', 'Servindo uns aos Outros', 'Dons espirituais e serviço', '60000000-0000-0000-0000-000000000001', 3, '90000000-0000-0000-0000-000000000001'),
  ('70000000-0000-0000-0000-000000000004', 'Multiplicação de GCs', 'Como e quando multiplicar', '60000000-0000-0000-0000-000000000001', 4, '90000000-0000-0000-0000-000000000001'),
  ('70000000-0000-0000-0000-000000000005', 'Perdão e Reconciliação', 'Restaurando relacionamentos', '60000000-0000-0000-0000-000000000002', 1, '90000000-0000-0000-0000-000000000001'),
  ('70000000-0000-0000-0000-000000000006', 'Encorajamento Mútuo', 'Edificando uns aos outros', '60000000-0000-0000-0000-000000000002', 2, '90000000-0000-0000-0000-000000000001');

-- Create test visitors (referencing people)
INSERT INTO visitors (id, person_id, visit_count) VALUES
  ('80000000-0000-0000-0000-000000000001', '11111111-0000-0000-0000-000000000021', 0),
  ('80000000-0000-0000-0000-000000000002', '11111111-0000-0000-0000-000000000022', 0);

-- NOTE: Config table is already populated by migration 010 with visitor_conversion_threshold=3
-- Can be overridden if needed:
-- INSERT INTO config (key, value, description) VALUES ('visitor_conversion_threshold', '3', 'Number of visits required to auto-convert visitor to member')
-- ON CONFLICT (key) DO UPDATE SET value = '3';
